,Series,Record
0,1500 ,"1501: Miles Davis - Miles Davis Volume 1 (5/9/52, 4/20/53)"
1,1500 ,"1502: Miles Davis - Miles Davis Volume 2 (5/9/52, 4/20/53, 3/6/54)"
2,1500 ,"1503: Bud Powell - The Amazing Bud Powell, Vol. 1 (8/9/49, 5/1/51)"
3,1500 ,"1504: Bud Powell - The Amazing Bud Powell, Vol. 2 (5/1/51, 8/14/53)"
4,1500 ,"1505: J. J. Johnson - The Eminent Jay Jay Johnson Volume 1 (6/22/53, 9/24/54)"
5,1500 ,"1506: J. J. Johnson - The Eminent Jay Jay Johnson Volume 2 (6/22/53, 9/24/54, 6/6/55)"
6,1500 ,"1507: Art Blakey and the Jazz Messengers - At the Cafe Bohemia, Vol. 1 (11/23/55)"
7,1500 ,"1508: Art Blakey and the Jazz Messengers - At the Cafe Bohemia, Vol. 2 (11/23/55)"
8,1500 ,"1509: Milt Jackson - Milt Jackson and the Thelonious Monk Quintet (7/2/48, 7/23/51, 4/7/52)"
9,1500 ,"1510: Thelonious Monk - Genius of Modern Music, Volume 1 (10/15/47, 10/24/47, 11/21/47)"
10,1500 ,"1511: Thelonious Monk - Genius of Modern Music, Volume 2 (10/15/47, 10/24/47, 7/23/51, 5/30/52)"
11,1500 ,"1512: Jimmy Smith - A New Sound, A New Star, Volume 1 (2/18/56)"
12,1500 ,1513: Thad Jones - Detroit-New York Junction (3/13/56)
13,1500 ,"1514: Jimmy Smith - A New Sound, A New Star, Volume 2 (3/11/56)"
14,1500 ,"1515: Jutta Hipp - At the Hickory House, Volume 1 (4/5/56)"
15,1500 ,"1516: Jutta Hipp - At the Hickory House, Volume 2 (4/5/56)"
16,1500 ,1517: Gil Mellé - Patterns in Jazz (4/1/56)
17,1500 ,"1518: Horace Silver - Horace Silver and the Jazz Messengers (11/13/54, 2/6/55)"
18,1500 ,"1519: Herbie Nichols - Herbie Nichols Trio (8/7/55, 4/19/56)"
19,1500 ,"1520: Horace Silver and Art Blakey / Sabu (10/9/52, 11/23/53)"
20,1500 ,"1521: Art Blakey - A Night at Birdland, Vol. 1 (2/21/54)"
21,1500 ,"1522: Art Blakey - A Night at Birdland, Vol. 2 (2/21/54)"
22,1500 ,"1523: Kenny Burrell - Introducing Kenny Burrell (5/29/56, 5/30/56)"
23,1500 ,1524: Kenny Dorham - 'Round About Midnight at the Cafe Bohemia (5/31/56)
24,1500 ,"1525: Jimmy Smith - The Incredible Jimmy Smith, Volume 3 (6/17/56)"
25,1500 ,"1526: Clifford Brown - Memorial Album (6/9/53, 8/28/53)"
26,1500 ,1527: Thad Jones - The Magnificent Thad Jones (7/14/56)
27,1500 ,"1528: Jimmy Smith - At Club Baby Grand, Volume 1 (8/4/56)"
28,1500 ,"1529: Jimmy Smith - At Club Baby Grand, Volume 2 (8/4/56)"
29,1500 ,1530: Jutta Hipp - Jutta Hipp with Zoot Sims (7/28/56)
30,1500 ,"1531: Fats Navarro - The Fabulous Fats Navarro, Volume 1 (9/26/47, 10/11/48, 8/9/49)"
31,1500 ,"1532: Fats Navarro - The Fabulous Fats Navarro, Volume 2 (9/13/48, 10/11/48)"
32,1500 ,1533: Johnny Griffin - Introducing Johnny Griffin (4/17/56)
33,1500 ,1534: Paul Chambers - Whims of Chambers (9/21/56)
34,1500 ,"1535: Kenny Dorham - Afro-Cuban (1/30/55, 3/29/55)"
35,1500 ,1536: J. R. Monterose - J. R. Monterose (10/21/56)
36,1500 ,"1537: Lou Donaldson - Quartet/Quintet/Sextet (6/20/52, 11/19/52)"
37,1500 ,1538: Lee Morgan - Lee Morgan Indeed! (11/4/56)
38,1500 ,1539: Horace Silver - 6 Pieces of Silver (11/10/56)
39,1500 ,1540: Hank Mobley - With Donald Byrd and Lee Morgan (11/25/56)
40,1500 ,1541: Lee Morgan - Lee Morgan Vol. 2 (12/2/56)
41,1500 ,"1542: Sonny Rollins - Sonny Rollins, Vol. 1 (12/16/56)"
42,1500 ,"1543: Kenny Burrell - Kenny Burrell Volume 2 (3/12/56, 5/29/56, 5/30/56)"
43,1500 ,1544: Hank Mobley - Hank Mobley and his All Stars (1/13/57)
44,1500 ,1545: Lou Donaldson - Wailing with Lou (1/27/55)
45,1500 ,"1546: Thad Jones - The Magnificent Thad Jones, Volume 3 (7/14/56, 2/2/57)"
46,1500 ,"1547: Jimmy Smith - A Date with Jimmy Smith Volume One (2/11/57, 2/13/57)"
47,1500 ,1548: Jimmy Smith - A Date with Jimmy Smith Volume Two (2/11/57)
48,1500 ,1549: Cliff Jordan/John Gilmore - Blowing in from Chicago (3/3/57)
49,1500 ,"1550: Hank Mobley - With Farmer, Silver, Watkins, Blakey (3/8/57)"
50,1500 ,"1551: Jimmy Smith - At the Organ, Volume 1 (2/12/57)"
51,1500 ,"1552: Jimmy Smith - At the Organ, Volume 2 (2/12/57, 2/13/57)"
52,1500 ,1553: UNUSED
53,1500 ,"1554: Art Blakey - Orgy in Rhythm, Volume 1 (3/7/57)"
54,1500 ,"1555: Art Blakey - Orgy in Rhythm, Volume 2 (3/7/57)"
55,1500 ,"1556: Jimmy Smith - The Sounds of Jimmy Smith (2/11/57, 2/12/57, 2/13/57)"
56,1500 ,1557: Lee Morgan - Lee Morgan Vol. 3 (3/24/57)
57,1500 ,"1558: Sonny Rollins - Sonny Rollins, Vol. 2 (4/14/57)"
58,1500 ,1559: Johnny Griffin - A Blowin' Session (4/6/57)
59,1500 ,1560: Hank Mobley - Hank (4/21/57)
60,1500 ,1561: Sabu Martinez - Palo Congo (4/27/57)
61,1500 ,1562: Horace Silver - The Stylings of Silver (5/8/57)
62,1500 ,1563: Jimmy Smith - Plays Pretty Just for You (5/8/57)
63,1500 ,1564: Paul Chambers - Paul Chambers Quintet (5/19/57)
64,1500 ,1565: Clifford Jordan - Cliff Jordan (6/2/57)
65,1500 ,1566: Lou Donaldson - Swing and Soul (6/9/57)
66,1500 ,1567: Curtis Fuller - The Opener (6/16/57)
67,1500 ,1568: Hank Mobley - Hank Mobley (6/23/57)
68,1500 ,1569: Paul Chambers - Bass on Top (7/14/57)
69,1500 ,"1570: Sonny Clark - Dial ""S"" for Sonny (7/21/57)"
70,1500 ,1571: Bud Powell - Bud! The Amazing Bud Powell (Vol. 3) (8/3/57)
71,1500 ,1572: Curtis Fuller - Bone & Bari (8/4/57)
72,1500 ,1573: John Jenkins - John Jenkins with Kenny Burrell (8/11/57)
73,1500 ,1574: Hank Mobley - Peckin' Time (2/9/58)
74,1500 ,1575: Lee Morgan - City Lights (8/25/57)
75,1500 ,1576: Sonny Clark - Sonny's Crib (9/1/57)
76,1500 ,1577: John Coltrane - Blue Train (9/15/57)
77,1500 ,1578: Lee Morgan - The Cooker (9/29/57)
78,1500 ,1579: Sonny Clark - Sonny Clark Trio (9/13/57)
79,1500 ,1580: Johnny Griffin - The Congregation (10/23/57)
80,1500 ,1581: Sonny Rollins - A Night at the Village Vanguard (11/3/57)
81,1500 ,1582: Clifford Jordan - Cliff Craft (11/10/57)
82,1500 ,1583: Curtis Fuller - Curtis Fuller Volume 3 (12/1/57)
83,1500 ,1584: Louis Smith - Here Comes Louis Smith (2/4/58)
84,1500 ,"1585: Jimmy Smith - Groovin' at Smalls' Paradise, Volume 1 (11/15/57)"
85,1500 ,"1586: Jimmy Smith - Groovin' at Smalls' Paradise, Volume 2 (11/15/57)"
86,1500 ,1587: Bennie Green - Back on the Scene (3/23/58)
87,1500 ,1588: Sonny Clark - Cool Struttin' (1/5/58)
88,1500 ,1589: Horace Silver - Further Explorations (1/13/58)
89,1500 ,"1590: Lee Morgan - Candy (11/18/57, 2/2/58)"
90,1500 ,1591: Lou Donaldson - Lou Takes Off (12/15/57)
91,1500 ,1592: Sonny Clark - [unissued] (12/8/57)
92,1500 ,1593: Lou Donaldson - Blues Walk (7/28/58)
93,1500 ,1594: Louis Smith - Smithville (3/30/58)
94,1500 ,1595: Cannonball Adderley - Somethin' Else (3/9/58)
95,1500 ,1596: Kenny Burrell - Blue Lights Volume 1 (5/14/58)
96,1500 ,1597: Kenny Burrell - Blue Lights Volume 2 (5/14/58)
97,1500 ,1598: Bud Powell - Time Waits: The Amazing Bud Powell (Vol. 4) (5/25/58)
98,1500 ,1599: Bennie Green - Soul Stirrin' (4/28/58)
99,4000 ,4001: Sonny Rollins - Newk's Time (9/22/57)
100,4000 ,"4002: Jimmy Smith - House Party (8/25/57, 2/25/57)"
101,4000 ,4003: Art Blakey and the Jazz Messengers - Moanin' (10/30/58)
102,4000 ,"4004: Art Blakey - Holiday for Skins, Volume 1 (11/9/58)"
103,4000 ,"4005: Art Blakey - Holiday for Skins, Volume 2 (11/9/58)"
104,4000 ,4006: Dizzy Reece - Blues in Trinity (8/24/58)
105,4000 ,4007: Donald Byrd - Off to the Races (12/21/58)
106,4000 ,4008: Horace Silver Quintet - Finger Poppin' (2/1/59)
107,4000 ,4009: Bud Powell - The Scene Changes: The Amazing Bud Powell (Vol. 5) (12/29/58)
108,4000 ,4010: Bennie Green - Walkin' & Talkin' (1/25/59)
109,4000 ,"4011: Jimmy Smith - The Sermon! (8/25/57, 2/25/58)"
110,4000 ,4012: Lou Donaldson with The Three Sounds - LD + 3 (2/18/59)
111,4000 ,4013: Jackie McLean - New Soil (5/2/59)
112,4000 ,4014: The Three Sounds - Bottoms Up! (2/11/59)
113,4000 ,4015: Art Blakey - At the Jazz Corner of the World Vol. 1 (4/15/59)
114,4000 ,4016: Art Blakey - At the Jazz Corner of the World Vol. 2 (4/15/59)
115,4000 ,"4017: Horace Silver - Blowin' the Blues Away (8/29/59, 8/30/59, 9/13/59)"
116,4000 ,4018: Walter Davis Jr. - Davis Cup (8/2/59)
117,4000 ,4019: Donald Byrd - Byrd in Hand (5/31/59)
118,4000 ,4020: The Three Sounds - Good Deal (5/20/59)
119,4000 ,4021: Kenny Burrell with Art Blakey - On View at the Five Spot Cafe (8/25/59)
120,4000 ,4022: Duke Pearson - Profile (10/25/59)
121,4000 ,"4023: Dizzy Reece - Star Bright (11/14/59, 11/19/59)"
122,4000 ,"4024: Jackie McLean - Swing, Swang, Swingin' (10/20/59)"
123,4000 ,"4025: Lou Donaldson - The Time Is Right (10/31/59, 11/28/59)"
124,4000 ,4026: Donald Byrd - Fuego (10/4/59)
125,4000 ,4027: Freddie Redd - The Connection (2/15/60)
126,4000 ,4028: Horace Parlan - Movin' & Groovin' (2/29/60)
127,4000 ,4029: Art Blakey and the Jazz Messengers - The Big Beat (3/6/60)
128,4000 ,4030: Jimmy Smith - Crazy! Baby (1/4/60)
129,4000 ,4031: Hank Mobley - Soul Station (2/7/60)
130,4000 ,4032: Sonny Red - Out of the Blue (1/23/60)
131,4000 ,4033: Dizzy Reece - Soundin' Off (5/12/60)
132,4000 ,4034: Lee Morgan - Lee-Way (4/28/60)
133,4000 ,4035: Duke Pearson - Tender Feelin's (12/16/59)
134,4000 ,"4036: Lou Donaldson - Sunny Side Up (2/5/60, 2/28/60)"
135,4000 ,4037: Horace Parlan - Us Three (4/20/60)
136,4000 ,4038: Jackie McLean - Capuchin Swing (4/17/60)
137,4000 ,4039: Stanley Turrentine - Look Out! (6/18/60)
138,4000 ,4040: Freddie Hubbard - Open Sesame (6/19/60)
139,4000 ,4041: Tina Brooks - True Blue (6/25/60)
140,4000 ,"4042: Horace Silver Quintet - Horace-Scope (7/8/60, 7/9/60)"
141,4000 ,4043: Horace Parlan - Speakin' My Piece (7/14/60)
142,4000 ,4044: The Three Sounds - Moods (6/28/60)
143,4000 ,4045: Freddie Redd - Shades of Redd (8/13/60)
144,4000 ,4046: Duke Jordan - Flight to Jordan (8/4/60)
145,4000 ,4047: Art Taylor - A.T.'s Delight (8/6/60)
146,4000 ,"4048: Donald Byrd - Byrd in Flight (1/17/60, 1/25/60, 7/10/60)"
147,4000 ,4049: Art Blakey and the Jazz Messengers - A Night in Tunisia (8/14/60)
148,4000 ,"4050: Jimmy Smith - Home Cookin' (5/24/59, 6/16/59)"
149,4000 ,4051: Jackie McLean - Jackie's Bag (1/18/59)
150,4000 ,"4052: Tina Brooks - Back to the Tracks (9/1/60, 10/20/60)"
151,4000 ,4053: Lou Donaldson - Light-Foot (12/14/58)
152,4000 ,4054: Art Blakey and the Jazz Messengers - Meet You at the Jazz Corner of the World Volume 1 (9/14/60)
153,4000 ,4055: Art Blakey and the Jazz Messengers - Meet You at the Jazz Corner of the World Volume 2 (9/14/60)
154,4000 ,4056: Freddie Hubbard - Goin' Up (11/6/60)
155,4000 ,4057: Stanley Turrentine with the Three Sounds - Blue Hour (12/16/60)
156,4000 ,4058: Hank Mobley - Roll Call (11/13/60)
157,4000 ,4059: Kenny Drew - Undercurrent (12/11/60)
158,4000 ,"4060: Donald Byrd - At the Half Note Cafe, Volume 1 (11/11/60)"
159,4000 ,"4061: Donald Byrd - At the Half Note Cafe, Volume 2 (11/11/60)"
160,4000 ,4062: Horace Parlan - Headin' South (12/6/60)
161,4000 ,4063: Kenny Dorham - Whistle Stop (1/15/61)
162,4000 ,4064: Grant Green - Grant's First Stand (1/28/61)
163,4000 ,4065: Stanley Turrentine- Comin' Your Way (1/20/61)
164,4000 ,4066: Lou Donaldson - Here 'Tis (1/23/61)
165,4000 ,4067: Jackie McLean - Bluesnik (1/8/61)
166,4000 ,4068: Baby Face Willette - Face to Face (1/30/61)
167,4000 ,"4069: Stanley Turrentine - Up at ""Minton's"", Volume 1 (2/23/61)"
168,4000 ,"4070: Stanley Turrentine - Up at ""Minton's"", Volume 2 (2/23/61)"
169,4000 ,4071: Grant Green - Green Street (4/1/61)
170,4000 ,4072: The Three Sounds - Feelin' Good (6/28/60)
171,4000 ,4073: Freddie Hubbard - Hub Cap (4/9/61)
172,4000 ,4074: Horace Parlan - On the Spur of the Moment (3/18/61)
173,4000 ,4075: Donald Byrd - The Cat Walk (5/2/61)
174,4000 ,"4076: Horace Silver Quintet - Doin' the Thing (5/19/61, 5/20/61)"
175,4000 ,4077: Dexter Gordon - Doin' Allright (5/6/61)
176,4000 ,4078: Jimmy Smith - Midnight Special (4/25/60)
177,4000 ,4079: Lou Donaldson - Gravy Train (4/27/61)
178,4000 ,4080: Hank Mobley - Workout (3/26/61)
179,4000 ,4081: Stanley Turrentine - Dearly Beloved (6/8/61)
180,4000 ,4082: Horace Parlan - Up & Down (6/18/61)
181,4000 ,4083: Dexter Gordon - Dexter Calling... (5/9/61)
182,4000 ,4084: Baby Face Willette - Stop and Listen (5/22/61)
183,4000 ,4085: Freddie Hubbard - Ready for Freddie (8/21/61)
184,4000 ,4086: Grant Green - Grantstand (8/1/61)
185,4000 ,4087: Leo Parker - Let Me Tell You 'Bout It (9/9/61)
186,4000 ,"4088: The Three Sounds - Here We Come (12/13/60, 12/14/60)"
187,4000 ,4089: Jackie McLean - A Fickle Sonance (10/26/61)
188,4000 ,4090: Art Blakey and the Jazz Messengers - Mosaic (10/2/61)
189,4000 ,4091: Sonny Clark - Leapin' and Lopin' (11/13/61)
190,4000 ,"4092: Kenny Clarke - The Golden 8 (5/18/61, 5/19/61)"
191,4000 ,4093: Ike Quebec - Heavy Soul (11/26/61)
192,4000 ,4094: Fred Jackson - Hootin' 'n Tootin' (2/5/62)
193,4000 ,"4095: Leo Parker - Rollin' with Leo (10/12/61, 10/20/61)"
194,4000 ,4096: Stanley Turrentine - That's Where It's At (1/2/62)
195,4000 ,4097: Art Blakey - The African Beat (1/24/62)
196,4000 ,"4098: Ike Quebec - Blue & Sentimental (12/16/61, 12/23/61)"
197,4000 ,4099: Grant Green - Sunday Mornin' (6/4/61)
198,4000 ,4100: Jimmy Smith - Plays Fats Waller (1/23/62)
199,4000 ,4101: Donald Byrd - Royal Flush (9/21/61)
200,4000 ,4102: The Three Sounds - Hey There (8/13/61)
201,4000 ,4103: Ike Quebec - Congo Lament (1/20/62)
202,4000 ,"4104: Art Blakey - Buhaina's Delight (11/28/61, 12/18/61)"
203,4000 ,4105: Ike Quebec - It Might as Well Be Spring (12/9/61)
204,4000 ,4106: Jackie McLean - Let Freedom Ring (3/19/62)
205,4000 ,4107: Don Wilkerson - Preach Brother! (6/18/62)
206,4000 ,4108: Lou Donaldson - The Natural Soul (5/9/62)
207,4000 ,4109: Herbie Hancock - Takin' Off (5/28/62)
208,4000 ,"4110: Horace Silver - The Tokyo Blues (7/13/62, 7/14/62)"
209,4000 ,4111: Grant Green - The Latin Bit (4/26/62)
210,4000 ,4112: Dexter Gordon - Go! (8/27/62)
211,4000 ,4113: Freddie Roach - Down to Earth (8/23/62)
212,4000 ,4114: Ike Quebec - Soul Samba (10/5/62)
213,4000 ,4115: Freddie Hubbard - Hub-Tones (10/10/62)
214,4000 ,4116: Jackie McLean - Jackie McLean Quintet (6/14/62) - not released
215,4000 ,4117: Jimmy Smith - Back at the Chicken Shack (4/25/60)
216,4000 ,4118: Donald Byrd - Free Form (12/11/61)
217,4000 ,4119: Charlie Rouse - Bossa Nova Bacchanal (11/26/62)
218,4000 ,"4120: The Three Sounds - It Just Got to Be (12/13/60, 12/14/60)"
219,4000 ,4121: Don Wilkerson - Elder Don (5/3/62)
220,4000 ,4122: Stanley Turrentine - Jubilee Shout!!! (10/18/62)
221,4000 ,4123: Kenny Burrell - Midnight Blue (1/8/63)
222,4000 ,4124: Donald Byrd - A New Perspective (1/12/63)
223,4000 ,4125: Lou Donaldson - Good Gracious! (1/24/63)
224,4000 ,4126: Herbie Hancock - My Point of View (3/19/63)
225,4000 ,4127: Kenny Dorham - Una Mas (4/1/63)
226,4000 ,"4128: Freddie Roach - Mo' Greens Please (1/21/63, 3/11/63)"
227,4000 ,4129: Stanley Turrentine - Never Let Me Go (2/13/63)
228,4000 ,4130: Big John Patton - Along Came John (4/5/63)
229,4000 ,"4131: Horace Silver - Silver's Serenade (5/7/63, 5/8/63)"
230,4000 ,4132: Grant Green - Feelin' the Spirit (12/21/62)
231,4000 ,4133: Dexter Gordon - A Swingin' Affair (8/29/62)
232,4000 ,4134: Horace Parlan - Happy Frame of Mind (2/15/63)
233,4000 ,4135: Freddie Hubbard - Here to Stay (12/27/62)
234,4000 ,4136: Solomon Ilori - African High Life (4/25/63)
235,4000 ,4137: Jackie McLean - One Step Beyond (4/30/63)
236,4000 ,4138: Harold Vick - Steppin' Out! (5/27/63)
237,4000 ,4139: Grant Green - Am I Blue (5/16/63)
238,4000 ,4140: Joe Henderson - Page One (6/3/63)
239,4000 ,4141: Jimmy Smith - Rockin' the Boat (2/7/63)
240,4000 ,4142: Blue Mitchell - Step Lightly (8/13/63)
241,4000 ,"4143: John Patton - Blue John (7/11/63, 8/2/63)"
242,4000 ,"4144: Johnny Coles - Little Johnny C (7/18/63, 8/9/63)"
243,4000 ,4145: Don Wilkerson - Shoutin' (7/29/63)
244,4000 ,4146: Dexter Gordon - Our Man in Paris (5/23/63)
245,4000 ,4147: Herbie Hancock - Inventions and Dimensions (8/30/63)
246,4000 ,4148: George Braith - Two Souls in One (9/4/63)
247,4000 ,"4149: Hank Mobley - No Room for Squares (3/7/63, 10/2/63)"
248,4000 ,4150: Stanley Turrentine - A Chip Off the Old Block (10/21/63)
249,4000 ,4151: Andrew Hill - Black Fire (11/9/63)
250,4000 ,4152: Joe Henderson - Our Thing (9/9/63)
251,4000 ,4153: Grachan Moncur III - Evolution (11/21/63)
252,4000 ,4154: Grant Green - Idle Moments (11/15/63)
253,4000 ,"4155: The Three Sounds - Black Orchid (3/7/62, 3/8/62)"
254,4000 ,4156: Art Blakey and the Jazz Messengers - The Freedom Rider (5/27/61)
255,4000 ,4157: Lee Morgan - The Sidewinder (12/21/63)
256,4000 ,"4158: Freddie Roach - Good Move! (11/29/63, 12/9/63)"
257,4000 ,4159: Andrew Hill - Judgment! (1/8/64)
258,4000 ,4160: Andrew Hill - Smokestack (12/13/63)
259,4000 ,4161: George Braith - Soulstream (12/16/63)
260,4000 ,4162: Stanley Turrentine - Hustlin' (1/24/64)
261,4000 ,4163: Eric Dolphy - Out to Lunch! (2/25/64)
262,4000 ,4164: Jimmy Smith - Prayer Meetin' (2/8/63)
263,4000 ,4165: Jackie McLean - Destination... Out! (9/20/63)
264,4000 ,4166: Joe Henderson - In 'n Out (4/10/64)
265,4000 ,4167: Andrew Hill - Point of Departure (3/21/64)
266,4000 ,"4168: Freddie Roach - Brown Sugar (3/18/64, 3/19/64)"
267,4000 ,4169: Lee Morgan - Search for the New Land (2/15/64)
268,4000 ,4170: Art Blakey and the Jazz Messengers - Free for All (2/10/64)
269,4000 ,4171: George Braith - Extension (3/27/64)
270,4000 ,4172: Freddie Hubbard - Breaking Point (5/7/64)
271,4000 ,4173: Wayne Shorter - Night Dreamer (4/29/64)
272,4000 ,4174: Big John Patton - The Way I Feel (6/19/64)
273,4000 ,4175: Herbie Hancock - Empyrean Isles (6/17/64)
274,4000 ,4176: Dexter Gordon - One Flight Up (6/2/64)
275,4000 ,4177: Grachan Moncur III - Some Other Stuff (7/6/64)
276,4000 ,4178: Blue Mitchell - The Thing to Do (7/30/64)
277,4000 ,4179: Jackie McLean - It's Time! (8/5/64)
278,4000 ,"4180: Anthony Williams - Life Time (8/21/64, 8/24/64)"
279,4000 ,4181: Kenny Dorham - Trompeta Toccata (9/14/64)
280,4000 ,4182: Wayne Shorter- Juju (8/3/64)
281,4000 ,4183: Grant Green - Talkin' About! (9/11/64)
282,4000 ,4184: Sam Rivers - Fuchsia Swing Song (12/11/64)
283,4000 ,"4185: Horace Silver - Song for My Father (10/31/63, 10/26/64)"
284,4000 ,"4186: Hank Mobley - The Turnaround (3/7/63, 2/5/65)"
285,4000 ,4187: Larry Young - Into Somethin' (11/12/64)
286,4000 ,"4188: Donald Byrd - I'm Tryin' to Get Home (12/17/64, 12/18/64)"
287,4000 ,4189: Joe Henderson - Inner Urge (11/30/64)
288,4000 ,4190: Freddie Roach - All That's Good (10/16/64)
289,4000 ,4191: Duke Pearson - Wahoo! (11/21/64)
290,4000 ,4192: Big John Patton - Oh Baby! (3/8/65)
291,4000 ,"4193: Art Blakey and the Jazz Messengers - Indestructible (4/24/64, 5/15/64)"
292,4000 ,4194: Wayne Shorter - Speak No Evil (12/24/64)
293,4000 ,4195: Herbie Hancock - Maiden Voyage (3/17/65)
294,4000 ,4196: Freddie Hubbard - Blue Spirits (2/19/65)
295,4000 ,"4197: The Three Sounds - Out of This World (2/4/62, 3/7/62, 3/8/62)"
296,4000 ,4198: Bobby Hutcherson - Dialogue (4/3/65)
297,4000 ,4199: Lee Morgan - The Rumproller (4/21/65)
298,4000 ,4200: Jimmy Smith - Softly as a Summer Breeze (2/28/58)
299,4000 ,4201: Stanley Turrentine - Joyride (4/14/65)
300,4000 ,4202: Grant Green - I Want to Hold Your Hand (3/31/65)
301,4000 ,4203: Andrew Hill - Andrew!!! (6/25/64)
302,4000 ,"4204: Dexter Gordon - Gettin' Around (5/28/65, 5/29/65)"
303,4000 ,4205: Pete La Roca - Basra (5/19/65)
304,4000 ,4206: Sam Rivers - Contours (5/21/65)
305,4000 ,"4207: Freddie Hubbard - The Night of the Cookers, Volume 1 (4/10/65)"
306,4000 ,"4208: Freddie Hubbard - The Night of the Cookers, Volume 2 (4/9/65)"
307,4000 ,4209: Hank Mobley - Dippin' (6/18/65)
308,4000 ,"4210: Ornette Coleman - Town Hall Concert, Volume 1 (12/21/62)"
309,4000 ,"4211: Ornette Coleman - Town Hall Concert, Volume 2 (12/21/62)"
310,4000 ,"4212: Lee Morgan - The Gigolo (6/25/65, 7/1/65)"
311,4000 ,4213: Bobby Hutcherson - Components (6/10/65)
312,4000 ,4214: Blue Mitchell - Down with It! (7/14/65)
313,4000 ,4215: Jackie McLean - Right Now! (1/29/65)
314,4000 ,4216: Anthony Williams - Spring (8/12/65)
315,4000 ,4217: Andrew Hill - Compulsion (10/8/65)
316,4000 ,4218: Jackie McLean - Action Action Action (9/16/64)
317,4000 ,4219: Wayne Shorter - The All Seeing Eye (10/15/65)
318,4000 ,4220: Horace Silver - The Cape Verdean Blues (10/1/65)
319,4000 ,4221: Larry Young - Unity (11/10/65)
320,4000 ,4222: Lee Morgan - Cornbread (9/18/65)
321,4000 ,4223: Jackie McLean - Jacknife (9/24/65)
322,4000 ,"4224: Ornette Coleman - At the ""Golden Circle,"" Volume 1 (12/3/65)"
323,4000 ,"4225: Ornette Coleman - At the ""Golden Circle,"" Volume 2 (12/4/65)"
324,4000 ,4226: Don Cherry - Complete Communion (12/24/65)
325,4000 ,4227: Joe Henderson - Mode for Joe (1/27/66)
326,4000 ,4228: Blue Mitchell - Bring It Home to Me (1/6/66)
327,4000 ,4229: John Patton - Got a Good Thing Goin' (4/29/66)
328,4000 ,4230: Hank Mobley - A Caddy for Daddy (12/18/65)
329,4000 ,4231: Bobby Hutcherson - Happenings (2/8/66)
330,4000 ,"4232: Wayne Shorter - Adam's Apple (2/3/66, 2/24/66)"
331,4000 ,4233: Andrew Hill -  Change (3/7/66)
332,4000 ,"4234: Stanley Turrentine - In Memory Of (6/3/64, 9/4/64)"
333,4000 ,4235: Jimmy Smith - Bucket! (2/1/63)
334,4000 ,4236: Jackie McLean - Jacknife (4/18/66)
335,4000 ,4237: Cecil Taylor - Unit Structures (5/19/66)
336,4000 ,4238: Donald Byrd - Mustang! (6/24/66)
337,4000 ,4239: John Patton - Let 'Em Roll (12/11/65)
338,4000 ,4240: Stanley Turrentine - Rough 'n' Tumble (7/1/66)
339,4000 ,"4241: Hank Mobley - A Slice of the Top (3/18/66, 6/17/66)"
340,4000 ,4242: Larry Young - Of Love and Peace (7/28/66)
341,4000 ,"4243: Lee Morgan - Delightfulee (4/8/66, 5/27/66)"
342,4000 ,4244: Bobby Hutcherson - Stick-Up! (7/14/66)
343,4000 ,"4245: Art Blakey- Like Someone in Love (8/7/60, 8/14/60)"
344,4000 ,4246: Ornette Coleman - The Empty Foxhole (9/9/66)
345,4000 ,4247: Don Cherry - Symphony for Improvisers (9/19/66)
346,4000 ,4248: The Three Sounds - Vibrations (10/25/66)
347,4000 ,4249: Sam Rivers - A New Conception (10/11/66)
348,4000 ,"4250: Horace Silver - The Jody Grind (11/2/66, 11/23/66)"
349,4000 ,"4251: Jack Wilson - Something Personal (8/9/66, 8/10/66)"
350,4000 ,4252: Duke Pearson - Sweet Honey Bee (12/7/66)
351,4000 ,4253: Grant Green - Street of Dreams (11/16/64)
352,4000 ,4254: Lou Donaldson - Lush Life (1/20/67)
353,4000 ,4255: Jimmy Smith - I'm Movin' On (1/31/63)
354,4000 ,4256: Stanley Turrentine - The Spoiler (9/22/66)
355,4000 ,4257: Blue Mitchell - Boss Horn (11/17/66)
356,4000 ,4258: Art Blakey and the Jazz Messengers - The Witch Doctor (3/14/61)
357,4000 ,4259: Donald Byrd - Blackjack (1/9/67)
358,4000 ,4260: Cecil Taylor - Conquistador! (10/6/66)
359,4000 ,4261: Sam Rivers - Dimensions & Extensions (3/17/67)
360,4000 ,4262: Jackie McLean - New and Old Gospel (3/24/67)
361,4000 ,4263: Lou Donaldson - Alligator Bogaloo (4/7/67)
362,4000 ,4264: McCoy Tyner - The Real McCoy (4/21/67)
363,4000 ,"4265: The Three Sounds - Live at the Lighthouse (6/9/67, 6/10/67)"
364,4000 ,4266: Larry Young - Contrasts (9/18/67)
365,4000 ,4267: Duke Pearson - The Right Touch (9/13/67)
366,4000 ,4268: Stanley Turrentine - Easy Walker (7/8/66)
367,4000 ,4269: Jimmy Smith - Open House (3/22/60)
368,4000 ,4270: Jack Wilson - Easterly Winds (9/22/67)
369,4000 ,4271: Lou Donaldson - Mr. Shing-A-Ling (10/27/67)
370,4000 ,4272: Blue Mitchell - Heads Up! (11/17/67)
371,4000 ,4273: Hank Mobley - Hi Voltage (10/9/67)
372,4000 ,4274: Tyrone Washington - Natural Essence (12/29/67)
373,4000 ,4275: McCoy Tyner - Tender Moments (12/1/67)
374,4000 ,4276: Duke Pearson - Introducing Duke Pearson's Big Band (12/15/67)
375,4000 ,"4277: Horace Silver - Serenade to a Soul Sister (2/23/68, 3/29/68)"
376,4000 ,4278: Frank Foster - Manhattan Fever (3/21/68)
377,4000 ,"4279: Herbie Hancock - Speak Like a Child (3/5/68, 3/6/68)"
378,4000 ,4280: Lou Donaldson - Midnight Creeper (3/15/68)
379,4000 ,4281: John Patton - That Certain Feeling (3/8/68)
380,4000 ,4282: Elvin Jones - Puttin' It Together (4/8/68)
381,4000 ,4283: Booker Ervin - The In Between (1/12/68)
382,4000 ,4284: Jackie McLean - 'Bout Soul (9/8/67)
383,4000 ,"4285: The Three Sounds - Coldwater Flat (4/11/68, 4/12/68, 4/15/68)"
384,4000 ,4286: Stanley Turrentine - The Look of Love (4/15/68)
385,4000 ,"4287: Ornette Coleman - New York Is Now! (4/29/68, 5/7/68)"
386,4000 ,4288: Hank Mobley - Reach Out! (1/19/68)
387,4000 ,4289: Lee Morgan - Caramba! (5/3/68)
388,4000 ,4290: Lonnie Smith - Think! (7/23/68)
389,4000 ,4291: Bobby Hutcherson - Total Eclipse (7/12/68)
390,4000 ,4292: Donald Byrd - Slow Drag (5/12/67)
391,4000 ,4293: Duke Pearson - The Phantom (9/11/68)
392,4000 ,4294: Eddie Gale - Ghetto Music (9/20/68)
393,4000 ,4295: Reuben Wilson - On Broadway (10/4/68)
394,4000 ,4296: Jimmy Smith - Plain Talk (3/22/60)
395,4000 ,4297: Wayne Shorter - Schizophrenia (3/10/67)
396,4000 ,"4298: Stanley Turrentine - Always Something There (10/14/68, 10/28/68)"
397,4000 ,4299: Lou Donaldson - Say It Loud! (11/6/68)
398,4000 ,"4300: Blue Mitchell - Collision in Black (9/11/68, 9/12/68)"
399,4000 ,"4301: The Three Sounds - Elegant Soul (9/19/68, 9/20/68)"
400,4000 ,4302: Kenny Cox - Introducing Kenny Cox (12/9/68)
401,4000 ,4303: Andrew Hill - Grass Roots (8/5/68)
402,4000 ,4304: Larry Young - Heaven on Earth (2/9/68)
403,4000 ,4305: Elvin Jones - The Ultimate (9/6/68)
404,4000 ,4306: John Patton - Understanding (10/25/68)
405,4000 ,4307: McCoy Tyner - Time for Tyner (5/17/68)
406,4000 ,"4308: Duke Pearson - Now Hear This (12/2/68, 12/3/68)"
407,4000 ,"4309: Horace Silver - You Gotta Take a Little Love (1/10/69, 1/17/69)"
408,4000 ,4310: Grant Green - Goin' West (11/30/62)
409,4000 ,4311: Don Cherry - Where Is Brooklyn? (11/11/66)
410,4000 ,4312: Lee Morgan - Charisma (9/29/66)
411,4000 ,4313: Lonnie Smith - Turning Point (1/3/69)
412,4000 ,4314: Booker Ervin (unissued) (5/24/68)
413,4000 ,4315: Stanley Turrentine - Common Touch (8/30/68)
414,4000 ,4316: Frank Foster (unissued) (1/31/69)
415,4000 ,4317: Reuben Wilson - Love Bug (3/21/69)
416,4000 ,4318: Lou Donaldson - Hot Dog (4/25/69)
417,4000 ,"4319: Donald Byrd - Fancy Free (5/9/69, 6/6/69)"
418,4000 ,4320: Eddie Gale - Black Rhythm Happening (5/2/69)
419,4000 ,"4321: Herbie Hancock - The Prisoner (4/18/69, 4/21/69, 4/23/69)"
420,4000 ,4322: Brother Jack McDuff - Down Home Style (6/10/69)
421,4000 ,"4323: Duke Pearson - Merry Ole Soul (2/25/69, 8/19/69)"
422,4000 ,"4324: Blue Mitchell - Bantu Village (5/22/69, 5/23/69)"
423,4000 ,4325: Horace Silver - The Best of Horace Silver (compilation)
424,4000 ,4326: Lonnie Smith - Move Your Hand (8/9/69)
425,4000 ,4327: Grant Green - Carryin' On (10/3/69)
426,4000 ,"4328: Jack Wilson - Song for My Daughter (9/28/68, 12/16/68, 4/23/69)"
427,4000 ,4329: Hank Mobley - The Flip (7/12/69)
428,4000 ,4330: Andrew Hill - Lift Every Voice (5/16/69)
429,4000 ,4331: Elvin Jones - Poly-Currents (9/26/69)
430,4000 ,"4332: Wayne Shorter - Super Nova (8/29/69, 9/2/69)"
431,4000 ,4333: Bobby Hutcherson - Now! (11/5/69)
432,4000 ,"4334: Brother Jack McDuff - Moon Rappin' (12/1/69, 12/2/69)"
433,4000 ,4335: Lee Morgan - The Sixth Sense (11/10/67)
434,4000 ,4336: Stanley Turrentine - Another Story (3/3/69)
435,4000 ,4337: Lou Donaldson - Everything I Play Is Funky (8/22/69)
436,4000 ,4338: McCoy Tyner - Expansions (8/23/68)
437,4000 ,4339: Kenny Cox - Multidirection (11/26/69)
438,4000 ,4340: John Patton - Accent on the Blues (8/15/69)
439,4000 ,4341: The Three Sounds - Soul Symphony (9/26/69)
440,4000 ,4342: Grant Green - Green Is Beautiful (1/30/70)
441,4000 ,4343: Reuben Wilson - Blue Mode (12/12/69)
442,4000 ,"4344: Duke Pearson - How Insensitive (4/11/69, 4/14/69, 5/5/69)"
443,4000 ,4345: Jackie McLean - Demon's Dance (12/22/67)
444,4000 ,"4346: The Thad Jones/ Mel Lewis Orchestra - Consummation (1/20/70, 1/21/70, 1/28/70, 5/25/70)"
445,4000 ,4347: Art Blakey and the Jazz Messengers - Roots & Herbs (2/18/61)
446,4000 ,"4348: Brother Jack McDuff - To Seek a New Home (3/23/70, 3/24/70, 3/26/70)"
447,4000 ,4349: Donald Byrd - Electric Byrd (5/15/70)
448,4000 ,4350: Jimmy McGriff - Electric Funk (9/??/69)
449,4000 ,4351: Lonnie Smith - Drives (1/2/70)
450,4000 ,"4352: Horace Silver - That Healin' Feelin' (4/8/70, 6/18/70)"
451,4000 ,"4353: Chick Corea - The Song of Singing (4/7/70, 4/8/70)"
452,4000 ,4354: Jeremy Steig - Wayfaring Stranger (2/11/70)
453,4000 ,4355: Joe Williams - Worth Waiting For (5/5/70)
454,4000 ,"4356: Ornette Coleman - Love Call (4/29/68, 5/7/68)"
455,4000 ,"4357: Candido Camero - Beautiful (10/20/70, 10/27/70)"
456,4000 ,4358: Jack McDuff - Who Knows What Tomorrow's Gonna Bring? (12/1-3/70)
457,4000 ,"4359: Lou Donaldson - Pretty Things (1/9/70, 6/12/70)"
458,4000 ,4360: Grant Green - Alive! (8/15/70)
459,4000 ,4361: Elvin Jones - Coalition (7/17/70)
460,4000 ,4362: Bobby Hutcherson - San Francisco (7/15/70)
461,4000 ,4363: Wayne Shorter - Odyssey of Iska (8/26/70)
462,4000 ,4364: Jimmy McGriff - Something to Listen To (9/??/70)
463,4000 ,"4365: Reuben Wilson - A Groovy Situation (9/18/70, 9/25/70)"
464,4000 ,4366: John Patton - (unissued) (10/2/70)
465,4000 ,4367: Hank Mobley - Thinking of Home (LT 1045) (7/31/70)
466,4000 ,"4368: Horace Silver - Total Response (11/15/70, 1/29/71)"
467,4000 ,4369: Elvin Jones - Genesis (2/12/71)
468,4000 ,4370: Lou Donaldson - Cosmos (7/16/71)
469,4000 ,4371: Lonnie Smith (unissued) (5/21/70)
470,4000 ,4372: Richard Groove Holmes - Comin' on Home (5/19/71)
471,4000 ,4373: Grant Green - Visions (5/21/71)
472,4000 ,4374: Jimmy McGriff - Black Pearl (2/??/71)
473,4000 ,4375: Ornette Coleman (unissued)
474,4000 ,"4376: Bobby Hutcherson - Head On (7/1/71, 7/3/71)"
475,4000 ,4377: Reuben Wilson - Set Us Free (7/23/71)
476,4000 ,"4378: Gene Harris - The 3 Sounds (7/26-27/71, 8/2-3/71)"
477,4000 ,"4379: Bobbi Humphrey - Flute In (9/30/71, 10/1/71)"
478,4000 ,"4380: Donald Byrd - Ethiopian Knights (8/25/71, 8/26/71)"
479,4000 ,"4381: Lee Morgan (unissued) (9/17/71, 9/18/71)"
480,4000 ,"4382: Ronnie Foster - Two Headed Freap (1/20/72, 1/21/72)"
481,4000 ,4383-4412: not used
482,4000 ,"4413: Grant Green - Shades of Green (11/23/71, 11/24/71)"
483,4000 ,4414: Elvin Jones - Merry-Go-Round (12/15/71)
484,4000 ,"4415: Grant Green - The Final Comedown (12/13/71, 12/14/71)"
485,4000 ,"4416: Bobby Hutcherson - Natural Illusions (3/2/72, 3/3/72)"
486,4000 ,4417: Hank Mobley - Thinking of Home (LT 1045) (7/31/70)
487,4000 ,4418: John Patton - Memphis to New York Spirit (issued 1996) (10/2/70)
488,4000 ,4419: McCoy Tyner - Extensions (LA 006-F) (2/9/70)
489,4000 ,"4420: Horace Silver - All (1/17/72, 2/14/72)"
490,4000 ,"4421: Bobbi Humphrey - Dig This! (7/20/72, 7/21/72)"
491,4000 ,"4422: Marlena Shaw - Marlena (8/10/72, 8/11/72, 8/16/72)"
492,4000 ,"4423: Gene Harris - Gene Harris of the Three Sounds (6/29/72, 6/30/72)"
493,4000 ,4424: Stanley Turrentine - ZT's Blues (9/13/61)
494,4000 ,4425: Hank Mobley - Far Away Lands (5/26/67)
495,4000 ,4426: Lee Morgan - The Rajah (11/29/66)
496,4000 ,4427: Jackie McLean - Tippin' the Scales (9/28/62)
497,4000 ,"4428: Clifford Brown - Alternate Takes (6/9/53, 6/20/53, 8/28/53)"
498,4000 ,"4429: Various Artists - The Best of Blue Note, Volume 1"
499,4000 ,"4430: Bud Powell - Alternate Takes (8/8/49, 8/14/53, 8/3/57, 5/28/58, ...)"
500,4000 ,"4431: Hank Mobley - Another Workout (3/26/61, 12/5/61)"
501,4000 ,"4432: Grant Green - Born to Be Blue (3/1/62, 12/23/61)"
502,4000 ,"4433: Various Artists - The Best of Blue Note, Volume 2"
503,4000 ,4434: The Three Sounds - Babe's Blues (8/13/61)
504,4000 ,"4435: Hank Mobley - Straight No Filter (3/7/63, 2/5/65, 6/17/66)"
505,BN-LA ,BN-LA 006-F: McCoy Tyner - Extensions
506,BN-LA ,BN-LA 007-G: Moacir Santos - Maestro
507,BN-LA ,BN-LA 014-G: Wayne Shorter - Moto Grosso Feio
508,BN-LA ,BN-LA 015-G2: Elvin Jones - Live at the Lighthouse
509,BN-LA ,BN-LA 024-G: Lou Donaldson - Sophisticated Lou
510,BN-LA ,BN-LA 037-G2: Grant Green - Live at the Lighthouse
511,BN-LA ,BN-LA 047-F: Donald Byrd - Black Byrd
512,BN-LA ,BN-LA 054-F: Horace Silver - In Pursuit of the 27th Man
513,BN-LA ,BN-LA 059-F: Alphonse Mouzon - The Essence of Mystery
514,BN-LA ,BN-LA 098-G: Ronnie Foster - Sweet Revival
515,BN-LA ,BN-LA 099-G: Mickey Tucker / Roland Hanna - The New Heritage Keyboard Quartet
516,BN-LA ,BN-LA 109-F: Lou Donaldson - Sassy Soul Strut
517,BN-LA ,BN-LA 110-F: Elvin Jones - Mr. Jones
518,BN-LA ,BN-LA 140-F: Donald Byrd - Street Lady
519,BN-LA ,"BN-LA 141-G2: Gene Harris - Yesterday, Today & Tomorrow"
520,BN-LA ,BN-LA 142-G: Bobbi Humphrey - Blacks and Blues
521,BN-LA ,BN-LA 143-F: Marlena Shaw - From the Depths of My Soul
522,BN-LA ,BN-LA 152-F: Herbie Hancock / Willie Bobo - Succotash
523,BN-LA ,"BN-LA 158-G2: V.A. - Decades of Jazz, Vol. 1"
524,BN-LA ,"BN-LA 159-G2: V.A. - Decades of Jazz, Vol. 2"
525,BN-LA ,"BN-LA 160-G2: V.A. - Decades of Jazz, Vol. 3"
526,BN-LA ,BN-LA 169-F: Cannonball Adderley - Somethin' Else
527,BN-LA ,BN-LA 170-G2: The Jazz Crusaders - Tough Talk
528,BN-LA ,BN-LA 171-G2: Les McCann - Fish This Week
529,BN-LA ,BN-LA 222-G: Alphonse Mouzon - Funky Snakefoot
530,BN-LA ,BN-LA 223-G: McCoy Tyner - Asante
531,BN-LA ,BN-LA 224-G: Lee Morgan - The Last Session
532,BN-LA ,BN-LA 237-G2: Grant Green Best Album
533,BN-LA ,BN-LA 249-G: Bobby Hutcherson - Live at Montreux
534,BN-LA ,BN-LA 250-G: Ronnie Foster - Live at Montreux
535,BN-LA ,BN-LA 251-G: Marlena Shaw - Live at Montreux
536,BN-LA ,BN-LA 252-G: Bobbi Humphrey - Live at Montreux
537,BN-LA ,BN-LA 257-G: Bobby Hutcherson - Cirrus
538,BN-LA ,BN-LA 258-G: Don Minasi - When Joanna Loved Me
539,BN-LA ,BN-LA 259-G: Lou Donaldson - Sweet Lou
540,BN-LA ,BN-LA 260-G: Moacir Santos - Saudade
541,BN-LA ,BN-LA 261-G: Ronnie Foster - On the Avenue
542,BN-LA ,BN-LA 267-G: Clifford Brown - Brownie Eyes
543,BN-LA ,BN-LA 313-G: Gene Harris - Astral Signal
544,BN-LA ,BN-LA 317-G: Duke Pearson - It Could Only Happen with You
545,BN-LA ,BN-LA 344-G: Bobbi Humphrey - Satin Doll
546,BN-LA ,BN-LA 356-H2: Freddie Hubbard Best Album
547,BN-LA ,BN-LA 368-G: Donald Byrd - Stepping into Tomorrow
548,BN-LA ,BN-LA 369-G: Bobby Hutcherson - Linger Lane
549,BN-LA ,BN-LA 370-G: The Waters - Waters
550,BN-LA ,BN-LA 392-H2: The Thad Jones / Mel Lewis Orchestra - Thad Jones - Mel Lewis Best Album
551,BN-LA ,BN-LA 393-H2: Dexter Gordon Best Album
552,BN-LA ,BN-LA 394-H2: Stanley Turrentine Best Album
553,BN-LA ,BN-LA 395-H2: Chick Corea Best Album
554,BN-LA ,"BN-LA 397-G: Marlena Shaw - Who Is This Bitch, Anyway?"
555,BN-LA ,BN-LA 398-G: Alphonse Mouzon - Mind Transplant
556,BN-LA ,BN-LA 399-H2: Herbie Hancock Best Album
557,BN-LA ,BN-LA 400-H2: Jimmy Smith Best Album
558,BN-LA ,BN-LA 401-H2: Sonny Rollins Best Album
559,BN-LA ,BN-LA 402-H2: Horace Silver Best Album
560,BN-LA ,BN-LA 406-G: Horace Silver - Silver 'n Brass
561,BN-LA ,BN-LA 425-G: Ronnie Foster - Cheshire Cat
562,BN-LA ,BN-LA 426-G: Don Minasi - I Have the Feeling I've Been Here Before
563,BN-LA ,BN-LA 451-H2: Paul Chambers / John Coltrane - High Step
564,BN-LA ,BN-LA 452-G: Ronnie Laws - Pressure Sensitive
565,BN-LA ,BN-LA 453-H2: Sam Rivers - Involution
566,BN-LA ,BN-LA 456-H2: Lester Young - The Aladdin Sessions
567,BN-LA ,BN-LA 457-H2: Jackie McLean - Jacknife
568,BN-LA ,BN-LA 458-H2: Cecil Taylor - In Transition
569,BN-LA ,BN-LA 459-H2: Andrew Hill - One for One
570,BN-LA ,BN-LA 460-H2: McCoy Tyner - Cosmos
571,BN-LA ,BN-LA 461-H2: Gil Evans - Pacific Standard Time (compilation of New Bottle Old Wine and Great Jazz Standards originally released on World Pacific Records)
572,BN-LA ,BN-LA 462-G: Carmen McRae - I Am Music
573,BN-LA ,BN-LA 463-G: Moacir Santos - Carnival of the Spirits
574,BN-LA ,BN-LA 464-G: Eddie Henderson - Sunburst
575,BN-LA ,BN-LA 472-H2: Chick Corea - Circling In
576,BN-LA ,BN-LA 473-J2: Art Blakey - Live Messengers
577,BN-LA ,BN-LA 474-H2: Horace Silver - The Trio Sides
578,BN-LA ,BN-LA 475-H2: Sonny Rollins - More from the Vanguard
579,BN-LA ,BN-LA 483-H2: Jackie McLean - Hipnosis
580,BN-LA ,BN-LA 485-H2: Herbie Nichols - The Third World
581,BN-LA ,BN-LA 488-H2: Booker Ervin - Back from the Gig
582,BN-LA ,BN-LA 496-H2: Freddie Hubbard - Here to Stay
583,BN-LA ,BN-LA 506-H2: Elvin Jones - The Prime Element
584,BN-LA ,BN-LA 507-H2: Fats Navarro - Prime Source
585,BN-LA ,BN-LA 519-G: Gene Harris - Nexus
586,BN-LA ,BN-LA 520-H2: Chico Hamilton - Peregrinations
587,BN-LA ,BN-LA 521-H2: Johnny Griffin / John Coltrane / Hank Mobley - Blowin' Sessions
588,BN-LA ,BN-LA 529-H2: Paul Horn - Paul Horn in India
589,BN-LA ,BN-LA 530-H2: The Jazz Crusaders - The Young Rabbits
590,BN-LA ,BN-LA 531-H2: Wes Montgomery - Beginnings
591,BN-LA ,BN-LA 532-H2: Gerry Mulligan / Lee Konitz - Revelation
592,BN-LA ,BN-LA 533-H2: T-Bone Walker - Classics of Modern Blues
593,BN-LA ,BN-LA 534-G: Jimmy Witherspoon - Spoonful
594,BN-LA ,BN-LA 541-G: John Lee / Gerry Brown - Mango Sunrise
595,BN-LA ,BN-LA 549-G: Donald Byrd - Places and Spaces
596,BN-LA ,BN-LA 550-G: Bobbi Humphrey - Fancy Dancer
597,BN-LA ,BN-LA 551-G: Bobby Hutcherson - Montara
598,BN-LA ,BN-LA 579-H2: Thelonious Monk - The Complete Genius
599,BN-LA ,BN-LA 581-G Horace Silver - Silver 'n Wood
600,BN-LA ,BN-LA 582-J2: Lee Morgan - The Procrastinator
601,BN-LA ,BN-LA 584-G: Alphonse Mouzon - The Man Incognito
602,BN-LA ,BN-LA 590-H2: Milt Jackson - All Star Bags
603,BN-LA ,BN-LA 591-H2: Art Pepper - Early Art
604,BN-LA ,BN-LA 596-G: Earl Klugh - Earl Klugh
605,BN-LA ,BN-LA 598-H2: Randy Weston - Little Niles
606,BN-LA ,BN-LA 606-G: Marlena Shaw - Just a Matter of Time
607,BN-LA ,BN-LA 615-G: Bobby Hutcherson - Waiting
608,BN-LA ,BN-LA 622-G: Chico Hamilton - Chico Hamilton and the Prayers
609,BN-LA ,BN-LA 628-H: Ronnie Laws - Fever
610,BN-LA ,BN-LA 632-H2: Jean-Luc Ponty - Cantaloupe Island
611,BN-LA ,BN-LA 633-G: Donald Byrd - Caricatures
612,BN-LA ,BN-LA 634-G: Gene Harris - In a Special Way
613,BN-LA ,BN-LA 635-G: Carmen McRae - Can't Hide Love
614,BN-LA ,BN-LA 636-G: Eddie Henderson - Heritage
615,BN-LA ,BN-LA 645-G: Barbara Carroll
616,BN-LA ,BN-LA 663-J2: V.A. - Blue Note Live at the Roxy
617,BN-LA ,BN-LA 664-G: Robbie Krieger - Robbie Krieger and Friends
618,BN-LA ,BN-LA 667-G: Earl Klugh - Living Inside Your Love
619,BN-LA ,BN-LA 690-J2: War - Platinum Jazz
620,BN-LA ,BN-LA 699-G: Bobbi Humphrey's Best
621,BN-LA ,BN-LA 700-G: Donald Byrd's Best
622,BN-LA ,BN-LA 701-G: John Lee / Gerry Brown - Still Can't Say Enough
623,BN-LA ,BN-LA 708-G: Horace Silver - Silver 'n Voices
624,BN-LA ,BN-LA 709-H2: Carmen McRae - Carmen McRae at the Great American Music Hall
625,BN-LA ,BN-LA 710-G: Bobby Hutcherson - The View from the Inside
626,BN-LA ,BN-LA 711-G: Willie Bobo - Tomorrow Is Here
627,BN-LA ,BN-LA 730-H: Ronnie Laws - Friends & Strangers
628,BN-LA ,BN-LA 736-H: Noel Pointer - Phantazia
629,BN-LA ,BN-LA 737-H: Earl Klugh - Finger Paintings
630,BN-LA ,BN-LA 738-G: Maxi Anderson - Maxi
631,BN-LA ,BN-LA 760-H: Gene Harris - Tone Tantrum
632,BN-LA ,BN-LA 789-G: Bobby Hutcherson - Knucklebean
633,BN-LA ,BN-LA 819-H: Rico Rodriguez - Man from Wareika
634,BN-LA ,BN-LA 853-H: Horace Silver - Silver 'n Percussion
635,BN-LA ,BN-LA 870-H: V.A. - Blue Note Meet the L.A. Philharmonic
636,BN-LA ,BN-LA 882-J2: Chick Corea - Circulus
637,BN-LA ,BN-LA 883-J2: Stanley Turrentine - Jubilee Shout!!!
638,BN-LA ,BN-LA 945-H: Horace Silver - Sterling Silver
639,LT ,987: Lee Morgan - Sonic Boom
640,LT ,988: Wayne Shorter - The Soothsayer
641,LT ,989: Dexter Gordon -Clubhouse
642,LT ,990: Grant Green - Solid
643,LT ,991: Donald Byrd - Chant
644,LT ,992: Jimmy Smith - Confirmation
645,LT ,993: Stanley Turrentine - New Time Shuffle
646,LT ,994: Jackie McLean - Consequence
647,LT ,995: Hank Mobley - A Slice of the Top
648,LT ,996: Bobby Hutcherson - Spiral
649,LT ,1028: Lou Donaldson - Midnight Sun
650,LT ,1030: Andrew Hill - Dance with Death
651,LT ,1031: Lee Morgan - Taru
652,LT ,1032: Grant Green - Nigeria
653,LT ,1033: Horace Silver - Silver 'n Strings Play the Music of the Spheres
654,LT ,1037: Stanley Turrentine - In Memory Of
655,LT ,1038: Larry Young - Mother Ship
656,LT ,1044: Bobby Hutcherson - Patterns
657,LT ,1045: Hank Mobley - Thinking of Home
658,LT ,1046: The Jazz Crusaders - Live Sides
659,LT ,1051: Dexter Gordon - Landslide
660,LT ,1052: Ike Quebec - With a Song in My Heart
661,LT ,"1053: Joe Pass - The Complete ""Catch Me!"" Sessions"
662,LT ,1054: Jimmy Smith - Cool Blues
663,LT ,1055: Vic Dickenson / Bobby Hackett - Mainstreamin' (not released)
664,LT ,1056: Wayne Shorter - Et Cetera
665,LT ,1057: Harold Land - Take Aim
666,LT ,1058: Lee Morgan - Tom Cat
667,LT ,1064: Art Pepper - Omega Alpha
668,LT ,1065: Art Blakey and the Jazz Messengers - Once Upon a Groove
669,LT ,1075: Stanley Turrentine - Mr. Natural
670,LT ,1076: Leo Parker - Rollin' with Leo
671,LT ,1081: Hank Mobley - Third Season
672,LT ,1082: Blue Mitchell - Step Lightly
673,LT ,1085: Jackie McLean - Vertigo
674,LT ,1086: Bobby Hutcherson - Medina
675,LT ,1088: Art Blakey and the Jazz Messengers - Africaine
676,LT ,1089: Ike Quebec - Congo Lament
677,LT ,1091: Lee Morgan - Infinity
678,LT ,1092: Jimmy Smith - On the Sunny Side
679,LT ,1095: Stanley Turrentine - Ain't No Way
680,LT ,1096: Donald Byrd - The Creeper
681,LT ,1100: Bob Brookmeyer / Bill Evans - As Time Goes By
682,LT ,1101: Gerry Mulligan - Freeway
683,LT ,1102: Jean-Luc Ponty - Live at Donte's
684,LT ,1103: Joe Pass - Joy Spring
685,85100,85101: Stanley Jordan - Magic Touch
686,85100,85102: McCoy Tyner / Jackie McLean - It's About Time
687,85100,85103: George Russell - The African Game
688,85100,85104: Charles Lloyd - A Night in Copenhagen
689,85100,85105: Stanley Turrentine - Straight Ahead
690,85100,85106: Kenny Burrell / Grover Washington Jr. - Togethering
691,85100,85107: Bennie Wallace - Twilight Time
692,85100,85108: Charlie Parker - At Storyville
693,85100,85109: James Newton - The African Flower
694,85100,85110: Bobby McFerrin - Spontaneous Inventions
695,85100,85111: Bill Evans - The Alternative Man
696,85100,85112: Dexter Gordon - Nights at the Keystone
697,85100,"85113: One Night with Blue Note, Vol. 1"
698,85100,"85114: One Night with Blue Note, Vol. 2"
699,85100,"85115: One Night with Blue Note, Vol. 3"
700,85100,"85116: One Night with Blue Note, Vol. 4"
701,85100,"85117: One Night with Blue Note, Preserved"
702,85100,85118: Out of the Blue - OTB
703,85100,85119: Tony Williams - Foreign Intrigue
704,85100,85120: not used
705,85100,85121: Freddie Hubbard / Woody Shaw - Double Take
706,85100,85122: Don Pullen / George Adams - Breakthrough
707,85100,"85123: Joe Henderson - The State of the Tenor Live at the Village Vanguard, Vol. 1"
708,85100,85124: Michel Petrucciani - Pianism
709,85100,85125: Jimmy Smith - Go for Whatcha Know
710,85100,"85126: Joe Henderson - The State of the Tenor Live at the Village Vanguard, Vol. 2"
711,85100,85127: Blue Note '86: A New Generation of Jazz
712,85100,85128: Out of the Blue - Inside Track
713,85100,85129: Duke Ellington - Money Jungle
714,85100,"85130: Stanley Jordan - Standards, Vol. 1"
715,85100,85131: Eric Dolphy - Other Aspects
716,85100,85132: George Russell - So What
717,85100,85133: Michel Petrucciani - Power of Three
718,85100,85134: James Newton - Romance and Revolution
719,85100,85135: Dexter Gordon - The Other Side of Round Midnight
720,85100,"85136: James ""Blood"" Ulmer - America – Do You Remember the Love?"
721,85100,85137: Kenny Burrell and the Jazz Guitar Band - Generation
722,85100,85138: Tony Williams - Civilization
723,85100,85139: Freddie Hubbard - Life Flight
724,85100,85140: Stanley Turrentine - Wonderland
725,85100,85141: Out of the Blue - Live at Mt. Fuji
726,1600,"1600: Introducing the 3 Sounds (9/16/58, 9/28/58)"
727,1600,1601: Various Artists - Blue Trails: The Rare Tracks
728,1600,"1602: Art Blakey - A Night in Birdland, Volume 3 (2/21/54)"
729,1600,"1603: Art Blakey - At the Cafe Bohemia, Volume 3 (11/23/55)"
730,1600,"1604: Thelonious Monk - Genius of Modern Music, Volume 3 (10/15/47, 10/24/47, 11/21/47, 7/23/51, 5/30/52)"
731,1600,"1605: Clifford Brown - Memorial, Volume 2 (6/9/53, 8/28/53)"
732,1600,1606: Kenny Dorham - 'Round About Midnight at the Cafe Bohemia Volume 2 (5/31/56)
733,1600,1607: Kenny Dorham - 'Round About Midnight at the Cafe Bohemia Volume 3 (5/31/56)
734,1600,"1608: Herbie Nichols - Herbie Nichols Trio, Volume 2 (8/7/55, 4/19/56)"
735,1600,"1609: Kenny Burrell, Volume 3 (3/12/56, 5/29/56, 5/31/56)"
736,1600,1610: Jimmy Smith / Lou Donaldson - Jimmy Smith Trio + LD (7/4/57)
737,1600,1611: Hank Mobley / Sonny Clark - Curtain Call (8/18/57)
738,1600,1612: Jimmy Smith - Things Ain't What They Used to Be
739,1600,"1613: Sonny Rollins - A Night at the Village Vanguard, Volume 2 (11/3/57)"
740,1600,"1614: Sonny Rollins - A Night at the Village Vanguard, Volume 3 (11/3/57)"
741,1600,1615: Jimmy Smith / Lou Donaldson - Lonesome Road
742,1600,1616: Tina Brooks - Minor Move (3/16/58)
743,1600,"1617: Sonny Clark - The 45 Sessions (9/13/57, 11/16/58)"
744,1600,1618: Sonny Clark - Blues in the Night (12/7/58)
745,1600,1619: Benny Green - The 45 Sessions (11/23/58)
746,1600,1620: Hank Mobley - Poppin' (10/20/61)
747,5000 ,"5001: Ike Quebec / Charlie Christian among others - Mellow the Mood (2/5/44, 6/18/44, 9/25/44, 7/17/45, 5/31/46, 1/31/55)"
748,5000 ,"5002: Thelonious Monk - Genius of Modern Music (10/15/47, 11/21/47, 7/2/48) [1500 Series: BLP 1510/11]"
749,5000 ,"5003: The Amazing Bud Powell (8/9/49, 5/1/51) [BLP 1503]"
750,5000 ,"5004: Fats Navarro / Tadd Dameron - Fats Navarro Memorial Album (9/26/47, 9/13/48, 10/11/48, 8/8/49) [BLP 1531/32]"
751,5000 ,5005: James Moody with Strings (conducted by André Hodeir) (7/13/51)
752,5000 ,"5006: James Moody and His Modernists (10/18/48, 10/25/48)"
753,5000 ,"5007: Erroll Garner - Overture to Dawn, Volume 1 (12/14/44)"
754,5000 ,"5008: Erroll Garner - Overture to Dawn, Volume 2 (12/26/44)"
755,5000 ,"5009: Thelonious Monk - Genius of Modern Music, Vol. 2 (10/15/47, 10/24/47, 11/21/47, 7/23/51) [BLP 1510/11]"
756,5000 ,"5010: Max Roach / James Moody / Kenny Dorham Quintet/Art Blakey - New Sounds (12/22/47, 4/30/49, 5/15/49)"
757,5000 ,"5011: Milt Jackson - Wizard of the Vibes (7/23/51, 4/7/52) [BLP 1509]"
758,5000 ,"5012: Howard McGhee's All-Stars - The McGhee / Navarro Boptet (1948, 1/23/50)"
759,5000 ,5013: Miles Davis - Young Man with a Horn (5/9/52) [BLP 1501/02]
760,5000 ,"5014: Erroll Garner - Overture to Dawn, Volume 3 (11/24/44, 12/23/44, 12/25/44)"
761,5000 ,"5015: Erroll Garner - Overture to Dawn, Volume 4 (11/16/44, 12/20/44, 12/23/44, 12/25/44)"
762,5000 ,"5016: Erroll Garner - Overture to Dawn, Volume 5 (12/14/44, 12/26/44)"
763,5000 ,"5017: Dizzy Gillespie - Horn of Plenty (3/2/47, 4/11/52)"
764,5000 ,"5018: Horace Silver Trio - New Faces, New Sounds (10/9/52, 10/20/52) [BLP 1520]"
765,5000 ,"5019: The Swinging Swedes / The Cool Britons - New Sounds from the Old World (7/29/50, 9/5/51)"
766,5000 ,"5020: Gil Mellé Quintet/Sextet - New Faces, New Sounds (3/2/52, 1/31/53)"
767,5000 ,"5021: Lou Donaldson / Horace Silver a.o. - New Faces, New Sounds (6/20/52, 11/19/52) [BLP 1537]"
768,5000 ,5022: Miles Davis Volume 2 (4/20/53) [BLP 1501/02]
769,5000 ,"5023: Kenny Drew Trio - New Faces, New Sounds (4/16/53)"
770,5000 ,"5024: Howard McGhee / Gigi Gryce a.o. - Howard McGhee, Volume 2 (6/8/53)"
771,5000 ,"5025: Wynton Kelly Trio - New Faces, New Sounds (7/25/51, 8/1/51)"
772,5000 ,"5026: Meade Lux Lewis / Charlie Christian a.o. - Memorable Sessions (1/25/44, 2/5/51)"
773,5000 ,"5027: Benny Morton / Ben Webster a.o. - Swing Hi, Swing Lo (1/31/45, 7/17/45, 11/21/45, 9/23/46)"
774,5000 ,5028: Jay Jay Johnson with Clifford Brown (6/20/53) [BLP 1505/06]
775,5000 ,"5029: Elmo Hope Trio - New Faces, New Sounds (6/53)"
776,5000 ,"5030: Lou Donaldson / Clifford Brown a.o. - New Faces, New Sounds (6/9/53) [BLP 1526]"
777,5000 ,"5031: Wade Legge Trio - New Faces, New Sounds (2/27/53)"
778,5000 ,5032: Clifford Brown - New Star on the Horizon (8/28/53) [BLP 1526]
779,5000 ,"5033: Gil Mellé Quintet, Vol. 2 (3/25/53)"
780,5000 ,"5034: Horace Silver Trio, Volume 2 / Art Blakey - Spotlight on Drums (11/23/53) [BLP 1520]"
781,5000 ,5035: Sal Salvador Quintet (12/24/53)
782,5000 ,"5036: Urbie Green Septet - New Faces, New Sounds (12/27/53)"
783,5000 ,5037: Art Blakey Quintet - A Night at Birdland Vol. 1 (2/21/54) [BLP 1521/22]
784,5000 ,5038: Art Blakey Quintet - A Night at Birdland Vol. 2 (2/21/54) [BLP 1521/22]
785,5000 ,5039: Art Blakey Quintet - A Night at Birdland Vol. 3 (2/21/54) [BLP 1521/22]
786,5000 ,"5040: Miles Davis, Volume 3 (3/6/54) [BLP 1501/02]"
787,5000 ,"5041: The Amazing Bud Powell, Vol. 2 (8/14/53) [BLP 1504]"
788,5000 ,5042: Tal Farlow Quartet (4/11/54)
789,5000 ,"5043: Frank Foster Quintet - New Faces, New Sounds (5/5/54)"
790,5000 ,"5044: Elmo Hope Quintet - New Faces, New Sounds, Vol. 2 (6/54)"
791,5000 ,5045: George Wallington and His Band (5/12/54)
792,5000 ,5046: Lionel Hampton - Jazztime Paris (9/28/53)
793,5000 ,5047: Clifford Brown Quartet (10/15/53)
794,5000 ,5048: Gigi Gryce / Clifford Brown Sextet (10/8/53)
795,5000 ,"5049: Gigi Gryce / Clifford Brown - Jazztime Paris, Volume 1 (9/10/53)"
796,5000 ,"5050: Gigi Gryce / Clifford Brown - Jazztime Paris, Volume 2 (9/10/53)"
797,5000 ,"5051: Gigi Gryce / Clifford Brown - Jazztime Paris, Volume 3 (9/10/53)"
798,5000 ,"5052: The Cool Britons - New Sounds from Olde England (5/13/54, 5/15/54)"
799,5000 ,"5053: Julius Watkins Sextet - New Faces, New Sounds (8/54)"
800,5000 ,"5054: Gil Mellé Quartet - New Faces, New Sounds, Volume 3 (9/5/54)"
801,5000 ,"5055: Lou Donaldson Sextet, Volume 2 (8/22/54) [BLP 1537]"
802,5000 ,"5056: Jutta Hipp Quintet - New Faces, New Sounds from Germany (4/24/54)"
803,5000 ,5057: The Eminent Jay Jay Johnson (9/24/54) [BLP 1505/06]
804,5000 ,"5058: Horace Silver Quintet, Volume 1 (11/13/54) [BLP 1518]"
805,5000 ,"5059: Conte Candoli / Herb Geller a.o. - Best from the West, Volume 1 (12/31/54, 1/55)"
806,5000 ,"5060: Conte Candoli / Herb Geller a.o. - Best from the West, Volume 2 (12/31/54, 1/55)"
807,5000 ,5061: The Swinging Fats Sadi Combo (1954)
808,5000 ,"5062: Horace Silver Quintet, Volume 2 (2/6/55) [BLP 1518]"
809,5000 ,"5063: Gil Mellé Quintet, Vol. 4: Five Impressions of Color (2/27/55)"
810,5000 ,"5064: Julius Watkins Sextet, Volume 2 (3/20/55)"
811,5000 ,5065: Kenny Dorham Octet - Afro-Cuban (3/29/55) [BLP 1535]
812,5000 ,5066: Hank Mobley - Hank Mobley Quartet (3/27/55)
813,5000 ,5067: Lou Mecca Quartet (3/25/55)
814,5000 ,"5068: The Prophetic Herbie Nichols Vol. 1 (5/4/55, 5/13/55)"
815,5000 ,"5069: The Prophetic Herbie Nichols Vol. 2 (5/4/55, 5/13/55)"
816,5000 ,"5070: The Eminent Jay Jay Johnson, Volume 3 (6/6/55) [BLP 1506]"
817,7000 ,"BLP 7001: Sidney Bechet's Blue Note Jazzmen with ""Wild Bill"" Davison"
818,7000 ,"BLP 7002: Sidney Bechet - Jazz Classics, Vol. 1"
819,7000 ,"BLP 7003: Sidney Bechet - Jazz Classics, Vol. 2"
820,7000 ,BLP 7004: Art Hodes and His Chicagoans - The Best in 2 Beat
821,7000 ,"BLP 7005: Art Hodes' Hot Five with Sidney Bechet and ""Wild Bill"" Davison"
822,7000 ,BLP 7006: Art Hodes' Blue Note Jazz Men - Dixieland Jubilee
823,7000 ,BLP 7007: Edmond Hall / Sidney DeParis - Jamming in Jazz: Hall-DeParis' Blue Note Jazz Men
824,7000 ,BLP 7008: Sidney Bechet / Bunk Johnson - Days Beyond Recall
825,7000 ,"BLP 7009: Sidney Bechet and His Blue Note Jazz Men with ""Wild Bill"" Davison"
826,7000 ,"BLP 7010: George Lewis and His New Orleans Stompers, Vol. 1 - Echoes of New Orleans"
827,7000 ,BLP 7011: James P. Johnson - Rent Party
828,7000 ,BLP 7012: James P. Johnson's Blue Note Jazzmen - Jazz Band Ball
829,7000 ,"BLP 7013: George Lewis and His New Orleans Stompers, Vol. 2 - Echoes of New Orleans"
830,7000 ,"BLP 7014: Sidney Bechet's Blue Note Jazzmen with ""Wild Bill"" Davison, Vol. 2"
831,7000 ,BLP 7015: Art Hodes' Hot Seven with Max Kaminsky and Bujie Centobie - Dixieland Clambake
832,7000 ,BLP 7016: Sidney DeParis' Blue Note Stompers with Jimmy Archey and Omer Simeon
833,7000 ,BLP 7017: Albert Ammons Memorial Album - Boogie Woogie Classics
834,7000 ,BLP 7018: Meade Lux Lewis - Boogie Woogie Classics
835,7000 ,BLP 7019: Pete Johnson - Boogie Woogie Blues and Skiffle
836,7000 ,BLP 7020: The Fabulous Sidney Bechet and His Hot Six with Sidney DeParis
837,7000 ,BLP 7021: Art Hodes' Back Room Boys - Out of the Back Room
838,7000 ,BLP 7022: Sidney Bechet - Port of Harlem Six
839,7000 ,BLP 7023: Mezz Mezzrow and His Band Featuring Lee Collins and Zutty Singleton
840,7000 ,"BLP 7024: Sidney Bechet - Jazz Festival Concert, Paris 1952, Vol. 1"
841,7000 ,"BLP 7025: Sidney Bechet - Jazz Festival Concert, Paris 1952, Vol. 2"
842,7000 ,BLP 7026: Dixie by the Fabulous Sidney Bechet
843,7000 ,"BLP 7027: George Lewis and His New Orleans Stompers, Vol. 3"
844,7000 ,"BLP 7028: George Lewis and His New Orleans Stompers, Vol. 4"
845,7000 ,"BLP 7029: Sidney Bechet - Olympia Concert, Paris 1954, Vol. 1"
846,7000 ,"BLP 7030: Sidney Bechet - Olympia Concert, Paris 1954, Vol. 2 (not released)"
847,9000,BLP 9001: Dodo Greene - My Hour of Need
848,9000,BLP 9002: Sheila Jordan - Portrait of Sheila
849,Compilation,1996: The New Groove: The Blue Note Remix Project
850,Compilation,2003: Madlib - Shades of Blue (Madlib Invades Blue Note)
851,Compilation,2003: Untinted: Sources for Madlib's Shades of Blue
852,Compilation,2003: Blue Note Trip Series
853,Compilation,2004: Blue Note Revisited
854,Compilation,"2015: Supreme Sonacy, Vol. 1"
